kind,value,scale,gate,active,n,rate,lo,hi
illumination,0.0,,difference,0,90,0.0,0.0,0.04093562618368095
illumination,0.0,,stabilized,0,90,0.0,0.0,0.04093562618368095
illumination,5.0,,difference,0,90,0.0,0.0,0.04093562618368095
illumination,5.0,,stabilized,0,90,0.0,0.0,0.04093562618368095
illumination,10.0,,difference,0,90,0.0,0.0,0.04093562618368095
illumination,10.0,,stabilized,0,90,0.0,0.0,0.04093562618368095
illumination,15.0,,difference,0,90,0.0,0.0,0.04093562618368095
illumination,15.0,,stabilized,0,90,0.0,0.0,0.04093562618368095
illumination,18.0,,difference,0,90,0.0,0.0,0.04093562618368095
illumination,18.0,,stabilized,0,90,0.0,0.0,0.04093562618368095
illumination,19.0,,difference,0,90,0.0,0.0,0.04093562618368095
illumination,19.0,,stabilized,0,90,0.0,0.0,0.04093562618368095
illumination,20.0,,difference,90,90,1.0,0.9590643738163189,0.9999999999999998
illumination,20.0,,stabilized,0,90,0.0,0.0,0.04093562618368095
illumination,21.0,,difference,90,90,1.0,0.9590643738163189,0.9999999999999998
illumination,21.0,,stabilized,0,90,0.0,0.0,0.04093562618368095
illumination,22.0,,difference,90,90,1.0,0.9590643738163189,0.9999999999999998
illumination,22.0,,stabilized,0,90,0.0,0.0,0.04093562618368095
illumination,25.0,,difference,90,90,1.0,0.9590643738163189,0.9999999999999998
illumination,25.0,,stabilized,0,90,0.0,0.0,0.04093562618368095
illumination,30.0,,difference,90,90,1.0,0.9590643738163189,0.9999999999999998
illumination,30.0,,stabilized,0,90,0.0,0.0,0.04093562618368095
illumination,40.0,,difference,90,90,1.0,0.9590643738163189,0.9999999999999998
illumination,40.0,,stabilized,90,90,1.0,0.9590643738163189,0.9999999999999998
illumination,60.0,,difference,90,90,1.0,0.9590643738163189,0.9999999999999998
illumination,60.0,,stabilized,90,90,1.0,0.9590643738163189,0.9999999999999998
illumination,80.0,,difference,90,90,1.0,0.9590643738163189,0.9999999999999998
illumination,80.0,,stabilized,90,90,1.0,0.9590643738163189,0.9999999999999998
jitter,0.0,,difference,0,90,0.0,0.0,0.04093562618368095
jitter,0.0,,stabilized,0,90,0.0,0.0,0.04093562618368095
jitter,0.1,,difference,0,90,0.0,0.0,0.04093562618368095
jitter,0.1,,stabilized,0,90,0.0,0.0,0.04093562618368095
jitter,0.25,,difference,85,90,0.9444444444444444,0.8764626370797953,0.9760390285347104
jitter,0.25,,stabilized,0,90,0.0,0.0,0.04093562618368095
jitter,0.5,,difference,90,90,1.0,0.9590643738163189,0.9999999999999998
jitter,0.5,,stabilized,87,90,0.9666666666666667,0.9065271390293557,0.9885996098658754
jitter,0.75,,difference,90,90,1.0,0.9590643738163189,0.9999999999999998
jitter,0.75,,stabilized,87,90,0.9666666666666667,0.9065271390293557,0.9885996098658754
jitter,1.0,,difference,90,90,1.0,0.9590643738163189,0.9999999999999998
jitter,1.0,,stabilized,32,90,0.35555555555555557,0.26443868894919004,0.4584982697260955
jitter,1.5,,difference,90,90,1.0,0.9590643738163189,0.9999999999999998
jitter,1.5,,stabilized,0,90,0.0,0.0,0.04093562618368095
jitter,2.0,,difference,90,90,1.0,0.9590643738163189,0.9999999999999998
jitter,2.0,,stabilized,0,90,0.0,0.0,0.04093562618368095
jitter,3.0,,difference,90,90,1.0,0.9590643738163189,0.9999999999999998
jitter,3.0,,stabilized,0,90,0.0,0.0,0.04093562618368095
jitter,4.0,,difference,90,90,1.0,0.9590643738163189,0.9999999999999998
jitter,4.0,,stabilized,0,90,0.0,0.0,0.04093562618368095
jitter,6.0,,difference,90,90,1.0,0.9590643738163189,0.9999999999999998
jitter,6.0,,stabilized,0,90,0.0,0.0,0.04093562618368095
jitter,8.0,,difference,90,90,1.0,0.9590643738163189,0.9999999999999998
jitter,8.0,,stabilized,0,90,0.0,0.0,0.04093562618368095
noise,0.0,,difference,0,90,0.0,0.0,0.04093562618368095
noise,0.0,,stabilized,0,90,0.0,0.0,0.04093562618368095
noise,2.0,,difference,0,90,0.0,0.0,0.04093562618368095
noise,2.0,,stabilized,0,90,0.0,0.0,0.04093562618368095
noise,4.0,,difference,0,90,0.0,0.0,0.04093562618368095
noise,4.0,,stabilized,0,90,0.0,0.0,0.04093562618368095
noise,6.0,,difference,0,90,0.0,0.0,0.04093562618368095
noise,6.0,,stabilized,0,90,0.0,0.0,0.04093562618368095
noise,8.0,,difference,0,90,0.0,0.0,0.04093562618368095
noise,8.0,,stabilized,0,90,0.0,0.0,0.04093562618368095
noise,10.0,,difference,0,90,0.0,0.0,0.04093562618368095
noise,10.0,,stabilized,0,90,0.0,0.0,0.04093562618368095
noise,11.0,,difference,0,90,0.0,0.0,0.04093562618368095
noise,11.0,,stabilized,0,90,0.0,0.0,0.04093562618368095
noise,12.0,,difference,0,90,0.0,0.0,0.04093562618368095
noise,12.0,,stabilized,0,90,0.0,0.0,0.04093562618368095
noise,13.0,,difference,0,90,0.0,0.0,0.04093562618368095
noise,13.0,,stabilized,0,90,0.0,0.0,0.04093562618368095
noise,14.0,,difference,52,90,0.5777777777777777,0.4746118554478424,0.674575936034696
noise,14.0,,stabilized,0,90,0.0,0.0,0.04093562618368095
noise,15.0,,difference,90,90,1.0,0.9590643738163189,0.9999999999999998
noise,15.0,,stabilized,0,90,0.0,0.0,0.04093562618368095
noise,16.0,,difference,90,90,1.0,0.9590643738163189,0.9999999999999998
noise,16.0,,stabilized,0,90,0.0,0.0,0.04093562618368095
noise,18.0,,difference,90,90,1.0,0.9590643738163189,0.9999999999999998
noise,18.0,,stabilized,0,90,0.0,0.0,0.04093562618368095
noise,20.0,,difference,90,90,1.0,0.9590643738163189,0.9999999999999998
noise,20.0,,stabilized,0,90,0.0,0.0,0.04093562618368095
noise,24.0,,difference,90,90,1.0,0.9590643738163189,0.9999999999999998
noise,24.0,,stabilized,0,90,0.0,0.0,0.04093562618368095
noise,28.0,,difference,90,90,1.0,0.9590643738163189,0.9999999999999998
noise,28.0,,stabilized,0,90,0.0,0.0,0.04093562618368095
noise,32.0,,difference,90,90,1.0,0.9590643738163189,0.9999999999999998
noise,32.0,,stabilized,7,90,0.07777777777777778,0.03818481510878818,0.15193860255743127
noise,36.0,,difference,90,90,1.0,0.9590643738163189,0.9999999999999998
noise,36.0,,stabilized,90,90,1.0,0.9590643738163189,0.9999999999999998
noise,40.0,,difference,90,90,1.0,0.9590643738163189,0.9999999999999998
noise,40.0,,stabilized,90,90,1.0,0.9590643738163189,0.9999999999999998
noise,48.0,,difference,90,90,1.0,0.9590643738163189,0.9999999999999998
noise,48.0,,stabilized,90,90,1.0,0.9590643738163189,0.9999999999999998
speed,1.0,0.15,difference,90,90,1.0,0.9590643738163189,0.9999999999999998
speed,1.0,0.15,stabilized,71,90,0.7888888888888889,0.6936520033648161,0.8604740792846126
speed,1.0,0.25,difference,90,90,1.0,0.9590643738163189,0.9999999999999998
speed,1.0,0.25,stabilized,78,90,0.8666666666666667,0.7812606942091705,0.9220531799227968
speed,1.0,0.7,difference,90,90,1.0,0.9590643738163189,0.9999999999999998
speed,1.0,0.7,stabilized,90,90,1.0,0.9590643738163189,0.9999999999999998
speed,2.0,0.15,difference,90,90,1.0,0.9590643738163189,0.9999999999999998
speed,2.0,0.15,stabilized,90,90,1.0,0.9590643738163189,0.9999999999999998
speed,2.0,0.25,difference,90,90,1.0,0.9590643738163189,0.9999999999999998
speed,2.0,0.25,stabilized,90,90,1.0,0.9590643738163189,0.9999999999999998
speed,2.0,0.7,difference,90,90,1.0,0.9590643738163189,0.9999999999999998
speed,2.0,0.7,stabilized,90,90,1.0,0.9590643738163189,0.9999999999999998
speed,3.0,0.15,difference,90,90,1.0,0.9590643738163189,0.9999999999999998
speed,3.0,0.15,stabilized,90,90,1.0,0.9590643738163189,0.9999999999999998
speed,3.0,0.25,difference,90,90,1.0,0.9590643738163189,0.9999999999999998
speed,3.0,0.25,stabilized,90,90,1.0,0.9590643738163189,0.9999999999999998
speed,3.0,0.7,difference,90,90,1.0,0.9590643738163189,0.9999999999999998
speed,3.0,0.7,stabilized,90,90,1.0,0.9590643738163189,0.9999999999999998
speed,4.0,0.15,difference,90,90,1.0,0.9590643738163189,0.9999999999999998
speed,4.0,0.15,stabilized,90,90,1.0,0.9590643738163189,0.9999999999999998
speed,4.0,0.25,difference,90,90,1.0,0.9590643738163189,0.9999999999999998
speed,4.0,0.25,stabilized,90,90,1.0,0.9590643738163189,0.9999999999999998
speed,4.0,0.7,difference,90,90,1.0,0.9590643738163189,0.9999999999999998
speed,4.0,0.7,stabilized,90,90,1.0,0.9590643738163189,0.9999999999999998
speed,5.0,0.15,difference,90,90,1.0,0.9590643738163189,0.9999999999999998
speed,5.0,0.15,stabilized,90,90,1.0,0.9590643738163189,0.9999999999999998
speed,5.0,0.25,difference,90,90,1.0,0.9590643738163189,0.9999999999999998
speed,5.0,0.25,stabilized,90,90,1.0,0.9590643738163189,0.9999999999999998
speed,5.0,0.7,difference,90,90,1.0,0.9590643738163189,0.9999999999999998
speed,5.0,0.7,stabilized,90,90,1.0,0.9590643738163189,0.9999999999999998
speed,6.0,0.15,difference,90,90,1.0,0.9590643738163189,0.9999999999999998
speed,6.0,0.15,stabilized,90,90,1.0,0.9590643738163189,0.9999999999999998
speed,6.0,0.25,difference,90,90,1.0,0.9590643738163189,0.9999999999999998
speed,6.0,0.25,stabilized,90,90,1.0,0.9590643738163189,0.9999999999999998
speed,6.0,0.7,difference,90,90,1.0,0.9590643738163189,0.9999999999999998
speed,6.0,0.7,stabilized,90,90,1.0,0.9590643738163189,0.9999999999999998
speed,8.0,0.15,difference,90,90,1.0,0.9590643738163189,0.9999999999999998
speed,8.0,0.15,stabilized,90,90,1.0,0.9590643738163189,0.9999999999999998
speed,8.0,0.25,difference,90,90,1.0,0.9590643738163189,0.9999999999999998
speed,8.0,0.25,stabilized,90,90,1.0,0.9590643738163189,0.9999999999999998
speed,8.0,0.7,difference,90,90,1.0,0.9590643738163189,0.9999999999999998
speed,8.0,0.7,stabilized,90,90,1.0,0.9590643738163189,0.9999999999999998
speed,10.0,0.15,difference,90,90,1.0,0.9590643738163189,0.9999999999999998
speed,10.0,0.15,stabilized,90,90,1.0,0.9590643738163189,0.9999999999999998
speed,10.0,0.25,difference,90,90,1.0,0.9590643738163189,0.9999999999999998
speed,10.0,0.25,stabilized,90,90,1.0,0.9590643738163189,0.9999999999999998
speed,10.0,0.7,difference,90,90,1.0,0.9590643738163189,0.9999999999999998
speed,10.0,0.7,stabilized,90,90,1.0,0.9590643738163189,0.9999999999999998
