seed,scenario,gate,tp,fp,fn,tn,gate_ms_mean
20260922,walk,difference,89,0,0,0,1.3004295393263388
20260922,walk,stabilized,89,0,0,0,6.843883303373189
20260922,walk,mog2,85,0,4,0,9.679426426964326
20260922,walk_slow,difference,89,0,0,0,1.2767584831486305
20260922,walk_slow,stabilized,89,0,0,0,7.444861056174258
20260922,walk_slow,mog2,83,0,6,0,9.142607337080692
20260922,stop_and_go,difference,59,0,0,30,1.2902167752804161
20260922,stop_and_go,stabilized,59,0,0,30,6.725551561799144
20260922,stop_and_go,mog2,55,6,4,24,9.049706056181845
20260922,enter_stop_exit,difference,34,0,2,53,1.2996126966266714
20260922,enter_stop_exit,stabilized,34,0,2,53,5.371996606743834
20260922,enter_stop_exit,mog2,33,3,3,50,8.722327853933947
20260922,stationary,difference,0,0,0,89,1.2790823258445712
20260922,stationary,stabilized,0,0,0,89,5.048016157303756
20260922,stationary,mog2,0,0,0,89,8.136847696634371
20260922,small_walk,difference,89,0,0,0,1.317333157306861
20260922,small_walk,stabilized,89,0,0,0,6.664622067416295
20260922,small_walk,mog2,85,0,4,0,8.329887258434681
20260922,empty,difference,0,0,0,89,1.3175114382032038
20260922,empty,stabilized,0,0,0,89,5.146749146069595
20260922,empty,mog2,0,0,0,89,8.267777617967685
20260922,illumination,difference,0,2,0,87,1.3553194269590083
20260922,illumination,stabilized,0,0,0,89,5.03381424719367
20260922,illumination,mog2,0,21,0,68,10.911813730344006
20260922,jitter,difference,0,88,0,1,2.3693536966233335
20260922,jitter,stabilized,0,8,0,81,13.664319471915272
20260922,jitter,mog2,0,19,0,70,16.756493337082787
20260922,jitter_walk,difference,89,0,0,0,2.2480369662982125
20260922,jitter_walk,stabilized,89,0,0,0,13.299601314601757
20260922,jitter_walk,mog2,85,0,4,0,16.799217471907724
20260923,walk,difference,89,0,0,0,1.1863753370830585
20260923,walk,stabilized,89,0,0,0,6.525574730333349
20260923,walk,mog2,85,0,4,0,9.288412224719558
20260923,walk_slow,difference,89,0,0,0,1.2076816516942988
20260923,walk_slow,stabilized,89,0,0,0,7.3210830337059765
20260923,walk_slow,mog2,83,0,6,0,9.023624719100992
20260923,stop_and_go,difference,59,0,0,30,1.1459482247210984
20260923,stop_and_go,stabilized,59,0,0,30,6.075975966287904
20260923,stop_and_go,mog2,55,6,4,24,8.87548213483002
20260923,enter_stop_exit,difference,34,0,2,53,1.1648038314561244
20260923,enter_stop_exit,stabilized,34,0,2,53,4.719857382021954
20260923,enter_stop_exit,mog2,33,3,3,50,8.596964404490066
20260923,stationary,difference,0,0,0,89,1.1471361011186938
20260923,stationary,stabilized,0,0,0,89,4.522731584283004
20260923,stationary,mog2,0,0,0,89,8.17385501124151
20260923,small_walk,difference,89,0,0,0,1.2746970224722818
20260923,small_walk,stabilized,89,0,0,0,6.382916191003286
20260923,small_walk,mog2,85,0,4,0,8.561695719102707
20260923,empty,difference,0,0,0,89,1.134808325843367
20260923,empty,stabilized,0,0,0,89,4.576460359552063
20260923,empty,mog2,0,0,0,89,8.159984258419284
20260923,illumination,difference,0,2,0,87,1.1178511460592633
20260923,illumination,stabilized,0,0,0,89,4.41500001123673
20260923,illumination,mog2,0,21,0,68,10.700189977532563
20260923,jitter,difference,0,88,0,1,2.2795381460651556
20260923,jitter,stabilized,0,4,0,85,12.95860924718643
20260923,jitter,mog2,0,6,0,83,15.931481179781043
20260923,jitter_walk,difference,89,0,0,0,2.2207298876435417
20260923,jitter_walk,stabilized,89,0,0,0,13.10674469663114
20260923,jitter_walk,mog2,85,0,4,0,16.925354617971983
20260924,walk,difference,89,0,0,0,1.384305325844896
20260924,walk,stabilized,89,0,0,0,7.307914101114405
20260924,walk,mog2,85,0,4,0,9.871540865164759
20260924,walk_slow,difference,89,0,0,0,1.4780747865099042
20260924,walk_slow,stabilized,89,0,0,0,8.19465198877894
20260924,walk_slow,mog2,83,0,6,0,9.645091505624325
20260924,stop_and_go,difference,59,0,0,30,1.239885280897448
20260924,stop_and_go,stabilized,59,0,0,30,6.445256876407951
20260924,stop_and_go,mog2,55,6,4,24,9.182497303373985
20260924,enter_stop_exit,difference,34,0,2,53,1.2171347528102272
20260924,enter_stop_exit,stabilized,34,0,2,53,4.880095460669437
20260924,enter_stop_exit,mog2,33,3,3,50,8.626237719108197
20260924,stationary,difference,0,0,0,89,1.2060198314583013
20260924,stationary,stabilized,0,0,0,89,4.721136629213147
20260924,stationary,mog2,0,0,0,89,8.264131168543367
20260924,small_walk,difference,89,0,0,0,1.2208794044919373
20260924,small_walk,stabilized,89,0,0,0,6.379849685388538
20260924,small_walk,mog2,85,0,4,0,8.399021382025351
20260924,empty,difference,0,0,0,89,1.0928873707815696
20260924,empty,stabilized,0,0,0,89,4.443510449441215
20260924,empty,mog2,0,0,0,89,7.999776820221658
20260924,illumination,difference,0,2,0,87,1.0972836966331077
20260924,illumination,stabilized,0,0,0,89,4.414580820218434
20260924,illumination,mog2,0,21,0,68,10.542422202246179
20260924,jitter,difference,0,89,0,0,2.2616430449391607
20260924,jitter,stabilized,0,3,0,86,13.505572269671095
20260924,jitter,mog2,0,22,0,67,16.351635157310525
20260924,jitter_walk,difference,89,0,0,0,2.147974280896807
20260924,jitter_walk,stabilized,89,0,0,0,13.089466764039969
20260924,jitter_walk,mog2,85,0,4,0,16.68782767414919
20260925,walk,difference,89,0,0,0,1.146597831453629
20260925,walk,stabilized,89,0,0,0,6.370634966289257
20260925,walk,mog2,85,0,4,0,9.214180539331894
20260925,walk_slow,difference,89,0,0,0,1.2119892247250739
20260925,walk_slow,stabilized,89,0,0,0,7.3044785280883975
20260925,walk_slow,mog2,83,0,6,0,8.984495730329256
20260925,stop_and_go,difference,59,0,0,30,1.1355655056254517
20260925,stop_and_go,stabilized,59,0,0,30,6.008978157299506
20260925,stop_and_go,mog2,55,6,4,24,8.900642966293336
20260925,enter_stop_exit,difference,34,0,2,53,1.2823308988746258
20260925,enter_stop_exit,stabilized,34,0,2,53,5.127972067416624
20260925,enter_stop_exit,mog2,33,3,3,50,8.837306550562614
20260925,stationary,difference,0,0,0,89,1.2171901910188976
20260925,stationary,stabilized,0,0,0,89,4.756556101125844
20260925,stationary,mog2,0,0,0,89,8.27281899999465
20260925,small_walk,difference,89,0,0,0,1.3172952584250452
20260925,small_walk,stabilized,89,0,0,0,6.69672805617558
20260925,small_walk,mog2,85,0,4,0,8.811514483149336
20260925,empty,difference,0,0,0,89,1.1644328764039407
20260925,empty,stabilized,0,0,0,89,4.692147696623374
20260925,empty,mog2,0,0,0,89,8.351436494388947
20260925,illumination,difference,0,2,0,87,1.1645805505745404
20260925,illumination,stabilized,0,0,0,89,4.602234011234318
20260925,illumination,mog2,0,21,0,68,10.768405314614826
20260925,jitter,difference,0,89,0,0,2.3049114269642916
20260925,jitter,stabilized,0,10,0,79,13.003448101130743
20260925,jitter,mog2,0,15,0,74,15.965777651683894
20260925,jitter_walk,difference,89,0,0,0,2.1820912134845467
20260925,jitter_walk,stabilized,89,0,0,0,13.294108112349575
20260925,jitter_walk,mog2,85,0,4,0,17.08934202247164
20260926,walk,difference,89,0,0,0,1.2958085842775402
20260926,walk,stabilized,89,0,0,0,6.903483292141185
20260926,walk,mog2,85,0,4,0,9.528065797751603
20260926,walk_slow,difference,89,0,0,0,1.4301930337020738
20260926,walk_slow,stabilized,89,0,0,0,8.3034296516866
20260926,walk_slow,mog2,83,0,6,0,9.711358393262211
20260926,stop_and_go,difference,59,0,0,30,1.3163211011165974
20260926,stop_and_go,stabilized,59,0,0,30,6.741871820224149
20260926,stop_and_go,mog2,55,6,4,24,9.407387898864329
20260926,enter_stop_exit,difference,34,0,2,53,1.2628042247184423
20260926,enter_stop_exit,stabilized,34,0,2,53,4.9364122808946265
20260926,enter_stop_exit,mog2,33,3,3,50,8.7144695617916
20260926,stationary,difference,0,0,0,89,1.2461389663058888
20260926,stationary,stabilized,0,0,0,89,4.8150884269611955
20260926,stationary,mog2,0,0,0,89,8.264085528092467
20260926,small_walk,difference,89,0,0,0,1.237283056178037
20260926,small_walk,stabilized,89,0,0,0,6.375838539318803
20260926,small_walk,mog2,85,0,4,0,8.412525438196488
20260926,empty,difference,0,0,0,89,1.1614070224572715
20260926,empty,stabilized,0,0,0,89,4.614159910097646
20260926,empty,mog2,0,0,0,89,8.197430865151178
20260926,illumination,difference,0,2,0,87,1.2431811123554255
20260926,illumination,stabilized,0,0,0,89,4.822626887621635
20260926,illumination,mog2,0,21,0,68,10.887776606748222
20260926,jitter,difference,0,89,0,0,2.2660039887745205
20260926,jitter,stabilized,0,8,0,81,13.114360651698416
20260926,jitter,mog2,0,24,0,65,16.264101719098413
20260926,jitter_walk,difference,89,0,0,0,2.2573905842599222
20260926,jitter_walk,stabilized,89,0,0,0,13.454950977526668
20260926,jitter_walk,mog2,85,0,4,0,17.186512910108902
20260927,walk,difference,89,0,0,0,1.2517978202007665
20260927,walk,stabilized,89,0,0,0,6.695831674171152
20260927,walk,mog2,85,0,4,0,9.41107362920642
20260927,walk_slow,difference,89,0,0,0,1.2770697865158744
20260927,walk_slow,stabilized,89,0,0,0,7.580829370783576
20260927,walk_slow,mog2,83,0,6,0,9.25258730337467
20260927,stop_and_go,difference,59,0,0,30,1.2133943595538799
20260927,stop_and_go,stabilized,59,0,0,30,6.362041426969432
20260927,stop_and_go,mog2,55,6,4,24,9.15876396630011
20260927,enter_stop_exit,difference,34,0,2,53,1.1616034943691895
20260927,enter_stop_exit,stabilized,34,0,2,53,4.707446887650395
20260927,enter_stop_exit,mog2,33,3,3,50,8.613023426957799
20260927,stationary,difference,0,0,0,89,1.1587430112331787
20260927,stationary,stabilized,0,0,0,89,4.606305606741668
20260927,stationary,mog2,0,0,0,89,8.349050258420595
20260927,small_walk,difference,89,0,0,0,1.234274089892495
20260927,small_walk,stabilized,89,0,0,0,6.484023786523711
20260927,small_walk,mog2,85,0,4,0,8.682684528095931
20260927,empty,difference,0,0,0,89,1.0947070786539954
20260927,empty,stabilized,0,0,0,89,4.416399865175244
20260927,empty,mog2,0,0,0,89,8.15078246067346
20260927,illumination,difference,0,2,0,87,1.1317092134831501
20260927,illumination,stabilized,0,0,0,89,4.456493325838136
20260927,illumination,mog2,0,21,0,68,10.734703528081747
20260927,jitter,difference,0,89,0,0,2.248047831464258
20260927,jitter,stabilized,0,5,0,84,13.09896279775877
20260927,jitter,mog2,0,27,0,62,16.018603820216054
20260927,jitter_walk,difference,89,0,0,0,2.1525648427122475
20260927,jitter_walk,stabilized,89,0,0,0,12.956569415730504
20260927,jitter_walk,mog2,84,0,5,0,16.87570274157224
20260928,walk,difference,89,0,0,0,1.22461647191649
20260928,walk,stabilized,89,0,0,0,6.684718303381231
20260928,walk,mog2,85,0,4,0,9.3131078314543
20260928,walk_slow,difference,89,0,0,0,1.3235013932495512
20260928,walk_slow,stabilized,89,0,0,0,7.799710966276947
20260928,walk_slow,mog2,83,0,6,0,9.484771303351827
20260928,stop_and_go,difference,59,0,0,30,1.1934827640554553
20260928,stop_and_go,stabilized,59,0,0,30,6.296169247204663
20260928,stop_and_go,mog2,55,6,4,24,9.09300026966336
20260928,enter_stop_exit,difference,34,0,2,53,1.1516498089737948
20260928,enter_stop_exit,stabilized,34,0,2,53,4.702308966295349
20260928,enter_stop_exit,mog2,33,3,3,50,8.491312831453664
20260928,stationary,difference,0,0,0,89,1.1115222584363293
20260928,stationary,stabilized,0,0,0,89,4.416097640435847
20260928,stationary,mog2,0,0,0,89,8.07385725842364
20260928,small_walk,difference,89,0,0,0,1.1831519101214623
20260928,small_walk,stabilized,89,0,0,0,6.259069382019406
20260928,small_walk,mog2,85,0,4,0,8.459018325834988
20260928,empty,difference,0,0,0,89,1.1124676516731833
20260928,empty,stabilized,0,0,0,89,4.53729142697504
20260928,empty,mog2,0,0,0,89,8.185833191010317
20260928,illumination,difference,0,2,0,87,1.1504074719121062
20260928,illumination,stabilized,0,0,0,89,4.516266842700317
20260928,illumination,mog2,0,21,0,68,10.547868000003291
20260928,jitter,difference,0,89,0,0,2.3267485280944693
20260928,jitter,stabilized,0,10,0,79,13.154174797750018
20260928,jitter,mog2,0,23,0,66,15.858673786524786
20260928,jitter_walk,difference,89,0,0,0,2.250479797751038
20260928,jitter_walk,stabilized,89,0,0,0,13.227589943822197
20260928,jitter_walk,mog2,85,0,4,0,16.830409966280897
20260929,walk,difference,89,0,0,0,1.2624225955170933
20260929,walk,stabilized,89,0,0,0,6.813471730344205
20260929,walk,mog2,85,0,4,0,9.419187685396311
20260929,walk_slow,difference,89,0,0,0,1.2788457191015439
20260929,walk_slow,stabilized,89,0,0,0,7.621898280882469
20260929,walk_slow,mog2,83,0,6,0,9.112547224721096
20260929,stop_and_go,difference,59,0,0,30,1.2258071573101874
20260929,stop_and_go,stabilized,59,0,0,30,6.320203044943105
20260929,stop_and_go,mog2,55,6,4,24,9.119364528104281
20260929,enter_stop_exit,difference,34,0,2,53,1.1921977303434566
20260929,enter_stop_exit,stabilized,34,0,2,53,4.854625550560638
20260929,enter_stop_exit,mog2,33,3,3,50,8.70229504495113
20260929,stationary,difference,0,0,0,89,1.1995109438062632
20260929,stationary,stabilized,0,0,0,89,4.706921483150662
20260929,stationary,mog2,0,0,0,89,8.360624561794722
20260929,small_walk,difference,89,0,0,0,1.225621977531201
20260929,small_walk,stabilized,89,0,0,0,6.411177977510347
20260929,small_walk,mog2,85,0,4,0,8.552257842694324
20260929,empty,difference,0,0,0,89,1.141061977541744
20260929,empty,stabilized,0,0,0,89,4.580472415748804
20260929,empty,mog2,0,0,0,89,8.255134235946826
20260929,illumination,difference,0,2,0,87,1.1312958202432108
20260929,illumination,stabilized,0,0,0,89,4.527235292126339
20260929,illumination,mog2,0,21,0,68,10.722634662920683
20260929,jitter,difference,0,88,0,1,2.2274477303275733
20260929,jitter,stabilized,0,2,0,87,13.272516011233002
20260929,jitter,mog2,0,19,0,70,15.872919573053734
20260929,jitter_walk,difference,89,0,0,0,2.3012418202260245
20260929,jitter_walk,stabilized,89,0,0,0,13.028290842686566
20260929,jitter_walk,mog2,85,0,4,0,16.736973202259936
20260930,walk,difference,89,0,0,0,1.2846912696720587
20260930,walk,stabilized,89,0,0,0,6.899533528089859
20260930,walk,mog2,85,0,4,0,9.464245292129112
20260930,walk_slow,difference,89,0,0,0,1.2921277191074634
20260930,walk_slow,stabilized,89,0,0,0,7.6591101123662915
20260930,walk_slow,mog2,83,0,6,0,9.20943304493888
20260930,stop_and_go,difference,59,0,0,30,1.2421132696596195
20260930,stop_and_go,stabilized,59,0,0,30,6.449591932573895
20260930,stop_and_go,mog2,55,6,4,24,9.055381449448003
20260930,enter_stop_exit,difference,34,0,2,53,1.2197034381842151
20260930,enter_stop_exit,stabilized,34,0,2,53,4.877756213489376
20260930,enter_stop_exit,mog2,33,3,3,50,8.54567388762334
20260930,stationary,difference,0,0,0,89,1.2229666067469225
20260930,stationary,stabilized,0,0,0,89,4.734551460673726
20260930,stationary,mog2,0,0,0,89,8.24095949439468
20260930,small_walk,difference,89,0,0,0,1.270137662929168
20260930,small_walk,stabilized,89,0,0,0,6.491159202231133
20260930,small_walk,mog2,85,0,4,0,8.545753539332447
20260930,empty,difference,0,0,0,89,1.1777541460585863
20260930,empty,stabilized,0,0,0,89,4.683348426964217
20260930,empty,mog2,0,0,0,89,8.33582012359166
20260930,illumination,difference,0,2,0,87,1.1410264381957562
20260930,illumination,stabilized,0,0,0,89,4.57612744943096
20260930,illumination,mog2,0,21,0,68,10.545190674142095
20260930,jitter,difference,0,89,0,0,2.26220571910877
20260930,jitter,stabilized,0,5,0,84,13.187094438195713
20260930,jitter,mog2,0,30,0,59,15.786680213482265
20260930,jitter_walk,difference,89,0,0,0,2.285929067411825
20260930,jitter_walk,stabilized,89,0,0,0,13.064992191014456
20260930,jitter_walk,mog2,85,0,4,0,17.032014932584808
20260931,walk,difference,89,0,0,0,1.2865695168528966
20260931,walk,stabilized,89,0,0,0,6.848377977517333
20260931,walk,mog2,85,0,4,0,9.368648348312531
20260931,walk_slow,difference,89,0,0,0,1.3017655168384274
20260931,walk_slow,stabilized,89,0,0,0,7.760986112362445
20260931,walk_slow,mog2,83,0,6,0,9.26125411235793
20260931,stop_and_go,difference,59,0,0,30,1.2234346516793317
20260931,stop_and_go,stabilized,59,0,0,30,6.48458004494908
20260931,stop_and_go,mog2,55,6,4,24,9.171452786506379
20260931,enter_stop_exit,difference,34,0,2,53,1.2258433483397864
20260931,enter_stop_exit,stabilized,34,0,2,53,4.849888258430827
20260931,enter_stop_exit,mog2,33,3,3,50,8.762217820204885
20260931,stationary,difference,0,0,0,89,1.1363642022567209
20260931,stationary,stabilized,0,0,0,89,4.463924595501942
20260931,stationary,mog2,0,0,0,89,8.220603168520745
20260931,small_walk,difference,89,0,0,0,1.2230110336904647
20260931,small_walk,stabilized,89,0,0,0,6.346223988769994
20260931,small_walk,mog2,85,0,4,0,8.51953493257967
20260931,empty,difference,0,0,0,89,1.2358243483187548
20260931,empty,stabilized,0,0,0,89,4.74646003371919
20260931,empty,mog2,0,0,0,89,8.501576696632041
20260931,illumination,difference,0,2,0,87,1.104514269673529
20260931,illumination,stabilized,0,0,0,89,4.416968528101769
20260931,illumination,mog2,0,21,0,68,10.483838247197903
20260931,jitter,difference,0,88,0,1,2.1986704606804146
20260931,jitter,stabilized,0,6,0,83,12.898394269669051
20260931,jitter,mog2,0,16,0,73,15.584337483151206
20260931,jitter_walk,difference,89,0,0,0,2.155746696623763
20260931,jitter_walk,stabilized,89,0,0,0,12.929915056186095
20260931,jitter_walk,mog2,85,0,4,0,16.891425853950597
