family,gate,K,M,N,invocations,frames,ratio,tp,fn,recall,recall_lo,recall_hi,fp_frames,neg_frames,box_precision,mean_iou,mean_age,max_age,entry_latency,exit_latency,est_s,speedup
every,,,1,,900,900,1.0,614,1,0.9983739837398374,0.9908477431071552,0.9997129105183213,0,285,0.9967532467532467,0.9808303908042434,0.0,0,0,0,628.2732410889996,1.0
fixed,,,1,1.0,900,900,1.0,614,1,0.9983739837398374,0.9908477431071552,0.9997129105183213,0,285,0.9967532467532467,0.9808303908042434,0.0,0,0,0,628.2732410889996,1.0
fixed,,,1,2.0,450,900,0.5,613,2,0.9967479674796748,0.9882210861928469,0.9991077219069346,0,285,0.9919093851132686,0.9383331813354325,0.5,1,0,0,313.33085319500003,2.005143236558312
fixed,,,1,3.0,300,900,0.3333333333333333,603,12,0.9804878048780488,0.9662067391479076,0.9888036136949255,0,285,0.9852941176470589,0.9076222334337689,1.0,2,2,0,209.45975225000038,2.9994938614227187
fixed,,,1,4.0,230,900,0.25555555555555554,597,18,0.9707317073170731,0.9542117032294177,0.981407576459246,0,285,0.9754901960784313,0.8781889418638607,1.4777777777777779,3,2,0,160.14068852899942,3.9232580230553173
fixed,,,1,5.0,180,900,0.2,594,21,0.9658536585365853,0.9483643341115054,0.9775594090000738,0,285,0.9504,0.8504645346683135,2.0,4,0,1,126.08668020099982,4.982867659672252
fixed,,,1,6.0,150,900,0.16666666666666666,541,74,0.8796747967479674,0.8515769414459271,0.9030589888038241,0,285,0.8839869281045751,0.84832096321188,2.5,5,2,0,104.16387044400054,6.031585024740082
fixed,,,1,8.0,120,900,0.13333333333333333,472,143,0.767479674796748,0.7324949176741186,0.7991436713026868,3,285,0.7712418300653595,0.8576586607971604,3.433333333333333,7,6,4,83.35585363399962,7.53724200159515
fixed,,,1,10.0,90,900,0.1,424,191,0.6894308943089431,0.6517788784587603,0.7247311252846916,5,285,0.6625,0.8653611671602638,4.5,9,0,6,62.71711642800001,10.017572185581344
fixed,,,1,12.0,80,900,0.08888888888888889,397,218,0.6455284552845528,0.6069259422585203,0.6823242322911702,0,285,0.6486928104575164,0.8594793728681823,5.3,11,2,0,55.16751735199984,11.388463198013106
fixed,,,1,15.0,60,900,0.06666666666666667,359,256,0.583739837398374,0.5443791136074685,0.6220609309658172,5,285,0.583739837398374,0.8620860616985007,7.0,14,5,6,42.59419163499967,14.750209288459583
fixed,,,1,20.0,50,900,0.05555555555555555,336,279,0.5463414634146342,0.506828460486018,0.5852791369962858,5,285,0.5508196721311476,0.8575610402784781,8.944444444444445,19,10,6,35.13434356100005,17.88202588724036
fixed,,,1,30.0,30,900,0.03333333333333333,264,351,0.4292682926829268,0.3907072056600839,0.46870751397218946,5,285,0.44,0.8832324521763611,14.5,29,20,6,20.786869363999855,30.22452443834986
fixed,,,1,45.0,20,900,0.022222222222222223,199,416,0.3235772357723577,0.2877960173279569,0.3615487431341501,5,285,0.3401709401709402,0.8880069444707317,22.0,44,35,6,13.947632286999648,45.04515376954714
gated,difference,5.0,1,,615,900,0.6833333333333333,614,1,0.9983739837398374,0.9908477431071552,0.9997129105183213,0,285,0.9967532467532467,0.9808135340444324,0.79,4,0,0,429.5515761589989,1.4626258544013437
gated,difference,10.0,1,,579,900,0.6433333333333333,614,1,0.9983739837398374,0.9908477431071552,0.9997129105183213,0,285,0.9967532467532467,0.9807362495237198,1.7677777777777777,9,0,0,404.1060042969991,1.5547238457443162
gated,difference,15.0,1,,566,900,0.6288888888888889,613,2,0.9967479674796748,0.9882210861928469,0.9991077219069346,0,285,1.0,0.9809816812837883,2.7066666666666666,14,1,0,395.02412782499886,1.59046801659501
gated,difference,30.0,1,,555,900,0.6166666666666667,613,2,0.9967479674796748,0.9882210861928469,0.9991077219069346,0,285,1.0,0.9808701588178382,5.456666666666667,29,1,0,387.24194819099904,1.6224307413594483
gated,difference,45.0,1,,551,900,0.6122222222222222,613,2,0.9967479674796748,0.9882210861928469,0.9991077219069346,0,285,1.0,0.9809738728882008,7.3566666666666665,44,1,0,384.4576578099989,1.634180587448451
gated,difference,90.0,1,,549,900,0.61,613,2,0.9967479674796748,0.9882210861928469,0.9991077219069346,0,285,1.0,0.9809145238840573,11.856666666666667,89,1,0,383.0478356359989,1.6401952514516553
gated,difference,15.0,2,,296,900,0.3288888888888889,612,3,0.9951219512195122,0.9857572970062829,0.9983396655678038,0,285,0.99836867862969,0.9394110127222216,3.006666666666667,14,1,0,206.9412239529991,3.035998478639008
gated,difference,15.0,3,,206,900,0.2288888888888889,603,12,0.9804878048780488,0.9662067391479076,0.9888036136949255,0,285,0.9836867862969005,0.9082405236342282,3.2977777777777777,14,1,0,144.78314784299909,4.339408629036653
gated,difference,15.0,4,,164,900,0.18222222222222223,597,18,0.9707317073170731,0.9542117032294177,0.981407576459246,0,285,0.9738988580750407,0.879430362420249,3.568888888888889,14,1,0,115.56845516999915,5.436373101680911
gated,difference,15.0,6,,116,900,0.1288888888888889,541,74,0.8796747967479674,0.8515769414459271,0.9030589888038241,0,285,0.8825448613376835,0.8479208878704533,4.184444444444445,14,1,0,81.87048836899947,7.673989170032816
gated,difference,15.0,8,,97,900,0.10777777777777778,473,142,0.7691056910569106,0.7341916962723009,0.8006787382301997,0,285,0.7716150081566069,0.8603716505920147,4.751111111111111,14,1,0,68.82358702199939,9.128748853037443
gated,stabilized,5.0,1,,547,900,0.6077777777777778,614,1,0.9983739837398374,0.9908477431071552,0.9997129105183213,0,285,0.9967532467532467,0.9808135340444324,0.9744444444444444,4,0,0,384.84704256699894,1.6325271383100781
gated,stabilized,10.0,1,,503,900,0.5588888888888889,614,1,0.9983739837398374,0.9908477431071552,0.9997129105183213,0,285,0.9967532467532467,0.9807362495237198,2.152222222222222,9,0,0,353.0966892269993,1.7793235118245316
gated,stabilized,15.0,1,,488,900,0.5422222222222223,613,2,0.9967479674796748,0.9882210861928469,0.9991077219069346,0,285,1.0,0.9809816812837883,3.2133333333333334,14,1,0,342.64761279199905,1.8335841769613812
gated,stabilized,30.0,1,,475,900,0.5277777777777778,613,2,0.9967479674796748,0.9882210861928469,0.9991077219069346,0,285,1.0,0.9808701588178382,6.33,29,1,0,333.4703997109993,1.8840450055941695
gated,stabilized,45.0,1,,470,900,0.5222222222222223,613,2,0.9967479674796748,0.9882210861928469,0.9991077219069346,0,285,1.0,0.9809738728882008,8.98,44,1,0,329.9381063549989,1.9042154543161656
gated,stabilized,90.0,1,,467,900,0.5188888888888888,613,2,0.9967479674796748,0.9882210861928469,0.9991077219069346,0,285,1.0,0.9809145238840573,15.73,89,1,0,327.82688570699906,1.9164786918987775
gated,stabilized,15.0,2,,262,900,0.2911111111111111,612,3,0.9951219512195122,0.9857572970062829,0.9983396655678038,0,285,0.99836867862969,0.9394110127222216,3.4588888888888887,14,1,0,186.9020659939997,3.361510413208432
gated,stabilized,15.0,3,,187,900,0.20777777777777778,603,12,0.9804878048780488,0.9662067391479076,0.9888036136949255,0,285,0.9836867862969005,0.9082405236342282,3.6966666666666668,14,1,0,135.94149601099983,4.621644306740323
gated,stabilized,15.0,4,,151,900,0.16777777777777778,597,18,0.9707317073170731,0.9542117032294177,0.981407576459246,0,285,0.9738988580750407,0.879430362420249,3.9255555555555555,14,1,0,111.30213612599992,5.644754565876085
gated,stabilized,15.0,6,,111,900,0.12333333333333334,541,74,0.8796747967479674,0.8515769414459271,0.9030589888038241,0,285,0.8825448613376835,0.8479208878704533,4.4255555555555555,14,1,0,83.80046534600008,7.497252413753905
gated,stabilized,15.0,8,,95,900,0.10555555555555556,473,142,0.7691056910569106,0.7341916962723009,0.8006787382301997,0,285,0.7716150081566069,0.8603716505920147,4.878888888888889,14,1,0,72.85338356299984,8.623803183358003
gated,mog2,5.0,1,,551,900,0.6122222222222222,614,1,0.9983739837398374,0.9908477431071552,0.9997129105183213,3,285,0.9903225806451613,0.9731269221632279,0.9333333333333333,4,0,4,391.790991271,1.6035928724415869
gated,mog2,10.0,1,,513,900,0.57,614,1,0.9983739837398374,0.9908477431071552,0.9997129105183213,5,285,0.9871382636655949,0.9730719746306206,1.8888888888888888,9,0,6,365.1074101349999,1.7207901665339882
gated,mog2,15.0,1,,501,900,0.5566666666666666,613,2,0.9967479674796748,0.9882210861928469,0.9991077219069346,5,285,0.9903069466882067,0.9732753853765405,2.772222222222222,14,1,6,356.7634434609999,1.7610359261981958
gated,mog2,30.0,1,,490,900,0.5444444444444444,613,2,0.9967479674796748,0.9882210861928469,0.9991077219069346,5,285,0.9903069466882067,0.9731982651732588,5.122222222222222,29,1,6,348.9960622239999,1.8002301718973215
gated,mog2,45.0,1,,487,900,0.5411111111111111,613,2,0.9967479674796748,0.9882210861928469,0.9991077219069346,5,285,0.9903069466882067,0.9733043550042393,6.888888888888889,44,1,6,346.92445856499984,1.8109799571000447
gated,mog2,90.0,1,,485,900,0.5388888888888889,613,2,0.9967479674796748,0.9882210861928469,0.9991077219069346,5,285,0.9903069466882067,0.9732450060000958,11.38888888888889,89,1,6,345.5146363909999,1.8183693971737203
gated,mog2,15.0,2,,280,900,0.3111111111111111,612,3,0.9951219512195122,0.9857572970062829,0.9983396655678038,0,285,0.99836867862969,0.9370310319689944,2.991111111111111,14,1,0,204.67102975400107,3.0696735236253807
gated,mog2,15.0,3,,203,900,0.22555555555555556,603,12,0.9804878048780488,0.9662067391479076,0.9888036136949255,0,285,0.9836867862969005,0.9053858420439675,3.238888888888889,14,1,0,151.0746723380011,4.158693388944486
gated,mog2,15.0,4,,164,900,0.18222222222222223,597,18,0.9707317073170731,0.9542117032294177,0.981407576459246,0,285,0.9738988580750407,0.8794469223485016,3.4788888888888887,14,1,0,124.04116761400111,5.065038109316244
gated,mog2,15.0,6,,120,900,0.13333333333333333,541,74,0.8796747967479674,0.8515769414459271,0.9030589888038241,0,285,0.8825448613376835,0.8479411875434464,3.982222222222222,14,1,0,92.90714295200124,6.762378231925455
gated,mog2,15.0,8,,100,900,0.1111111111111111,475,140,0.7723577235772358,0.7375873254859636,0.8037468000679265,4,285,0.7686084142394822,0.860610396788214,4.597777777777778,14,1,5,79.21903356700095,7.93083698196881
