family,gate,K,M,N,ratio,tp,fp,fn,recall,precision,f1,speedup
every,,,1,,1.0,4799,0,0,1.0,1.0,1.0,1.0
fixed,,,1,1.0,1.0,4799,0,0,1.0,1.0,1.0,1.0
fixed,,,1,2.0,0.5006289308176101,4570,220,229,0.9522817253594499,0.954070981210856,0.953175513609344,1.9964156139101936
fixed,,,1,3.0,0.3333333333333333,4102,704,697,0.8547614086267973,0.8535164377861008,0.8541384695471109,3.000289739700276
fixed,,,1,4.0,0.25031446540880503,3507,1273,1292,0.730777245259429,0.7336820083682009,0.7322267460068901,3.995610786428819
fixed,,,1,5.0,0.2,3076,1704,1723,0.6409668680975203,0.6435146443514644,0.6422382294602776,5.00097172769179
fixed,,,1,6.0,0.16729559748427672,2755,2051,2044,0.574077932902688,0.5732417811069497,0.5736595523165019,5.971303600637173
fixed,,,1,8.0,0.12578616352201258,2266,2494,2533,0.4721817045217754,0.4760504201680672,0.47410817031070196,7.966661327399985
fixed,,,1,10.0,0.10062893081761007,1998,2767,2801,0.41633673682017086,0.4193074501573977,0.4178168130489335,9.925664523724533
gated,difference,10.0,1,,0.9974842767295597,4799,0,0,1.0,1.0,1.0,1.0002233171083719
gated,difference,10.0,2,,0.5006289308176101,4570,220,229,0.9522817253594499,0.954070981210856,0.953175513609344,1.9873986884033834
gated,difference,10.0,3,,0.3333333333333333,4102,704,697,0.8547614086267973,0.8535164377861008,0.8541384695471109,2.9799709538605983
gated,difference,10.0,4,,0.25031446540880503,3507,1273,1292,0.730777245259429,0.7336820083682009,0.7322267460068901,3.9596554711191216
gated,difference,10.0,6,,0.16729559748427672,2755,2051,2044,0.574077932902688,0.5732417811069497,0.5736595523165019,5.891355725698619
gated,stabilized,10.0,1,,0.9937106918238994,4799,0,0,1.0,1.0,1.0,0.992534962465714
gated,stabilized,10.0,2,,0.4981132075471698,4570,220,229,0.9522817253594499,0.954070981210856,0.953175513609344,1.9523297261513133
gated,stabilized,10.0,3,,0.3333333333333333,4092,705,707,0.8526776411752448,0.8530331457160726,0.8528553563984994,2.8793884517556
gated,stabilized,10.0,4,,0.25031446540880503,3505,1295,1294,0.7303604917691185,0.7302083333333333,0.7302844046254818,3.782993177215342
gated,stabilized,10.0,6,,0.16729559748427672,2755,2051,2044,0.574077932902688,0.5732417811069497,0.5736595523165019,5.513248866842432
gated,mog2,10.0,1,,0.9987421383647799,4799,0,0,1.0,1.0,1.0,0.9799625597307324
gated,mog2,10.0,2,,0.5006289308176101,4570,220,229,0.9522817253594499,0.954070981210856,0.953175513609344,1.9135296465726457
gated,mog2,10.0,3,,0.3333333333333333,4102,704,697,0.8547614086267973,0.8535164377861008,0.8541384695471109,2.816918057951301
gated,mog2,10.0,4,,0.25031446540880503,3507,1273,1292,0.730777245259429,0.7336820083682009,0.7322267460068901,3.6768573907343614
gated,mog2,10.0,6,,0.16729559748427672,2755,2051,2044,0.574077932902688,0.5732417811069497,0.5736595523165019,5.286407564387185
