policy,scenario,ratio,recall,stale_fp
every,walk,1.0,1.0,0
every,walk_slow,1.0,1.0,0
every,stop_and_go,1.0,1.0,0
every,enter_stop_exit,1.0,0.9866666666666667,0
every,stationary,1.0,1.0,0
every,small_walk,1.0,1.0,0
every,empty,1.0,,0
every,illumination,1.0,,0
every,jitter,1.0,,0
every,jitter_walk,1.0,1.0,0
difference,walk,1.0,1.0,0
difference,walk_slow,1.0,1.0,0
difference,stop_and_go,0.6888888888888889,1.0,0
difference,enter_stop_exit,0.4111111111111111,0.9733333333333334,0
difference,stationary,0.06666666666666667,1.0,0
difference,small_walk,1.0,1.0,0
difference,empty,0.06666666666666667,,0
difference,illumination,0.06666666666666667,,0
difference,jitter,0.9888888888888889,,0
difference,jitter_walk,1.0,1.0,0
stabilized,walk,1.0,1.0,0
stabilized,walk_slow,1.0,1.0,0
stabilized,stop_and_go,0.6888888888888889,1.0,0
stabilized,enter_stop_exit,0.4111111111111111,0.9733333333333334,0
stabilized,stationary,0.06666666666666667,1.0,0
stabilized,small_walk,1.0,1.0,0
stabilized,empty,0.06666666666666667,,0
stabilized,illumination,0.06666666666666667,,0
stabilized,jitter,0.12222222222222222,,0
stabilized,jitter_walk,1.0,1.0,0
mog2,walk,0.9555555555555556,1.0,0
mog2,walk_slow,0.9333333333333333,1.0,0
mog2,stop_and_go,0.7,1.0,0
mog2,enter_stop_exit,0.43333333333333335,0.9733333333333334,5
mog2,stationary,0.06666666666666667,1.0,0
mog2,small_walk,0.9555555555555556,1.0,0
mog2,empty,0.06666666666666667,,0
mog2,illumination,0.2777777777777778,,0
mog2,jitter,0.2222222222222222,,0
mog2,jitter_walk,0.9555555555555556,1.0,0
