mode,M,K,frames,reference_boxes,invocations,invocation_ratio,tp,fp,fn,recall,precision,f1,mean_iou_matches,mean_iou_reference,tracking_refreshes,gate_ms_per_frame,tracker_ms_per_frame,selected_detector_s,estimated_total_s,speedup
retain,1,10,795,4799,790,0.9937106918238994,4799,0,0,1.0,1.0,1.0,0.9997818256408181,0.9997818256408181,0,5.032194665409621,0.0,375.2836182440004,379.28421300300107,0.9957437607217559
flow,1,10,795,4799,790,0.9937106918238994,4799,0,0,1.0,1.0,1.0,0.9997810899213473,0.9997810899213473,199,5.3304651849067,29.153629696855663,375.2836182440004,402.69847367500154,0.9378478274114316
retain,2,10,795,4799,396,0.4981132075471698,4570,220,229,0.9522817253594499,0.954070981210856,0.953175513609344,0.8985172307038994,0.8556415387199042,0,4.8969971836470805,0.0,188.21035081300073,192.10346357400016,1.965971261587991
flow,2,10,795,4799,396,0.4981132075471698,4642,148,157,0.9672848510106272,0.9691022964509395,0.9681927208259463,0.9238610772245464,0.8936368244376629,139,5.10490744780001,19.61466812452418,188.21035081300073,207.86241339299846,1.8169224655539433
retain,3,10,795,4799,265,0.3333333333333333,4092,705,707,0.8526776411752448,0.8530331457160726,0.8528553563984994,0.850540771702561,0.7252370989387122,0,4.807447217607597,0.0,125.96402306599974,129.7859436039978,2.9099444681801923
flow,3,10,795,4799,265,0.3333333333333333,4535,262,264,0.9449885392790165,0.9453825307483844,0.945185493955815,0.8833431937309751,0.8347491943258954,120,5.062844913207117,16.36165738867722,125.96402306599974,142.9965023959978,2.6411127706615156
retain,4,10,795,4799,199,0.25031446540880503,3505,1295,1294,0.7303604917691185,0.7302083333333333,0.7302844046254818,0.8317520722013123,0.6074788524829339,0,4.785386654088909,0.0,94.61297984100037,98.41736223100105,3.837431527087152
flow,4,10,795,4799,199,0.25031446540880503,4403,397,396,0.9174828089185247,0.9172916666666666,0.9173872278362329,0.8605292933375883,0.7895208332080436,90,5.092046578617825,14.636052338361022,94.61297984100037,110.29681847999856,3.424123141924417
retain,6,10,795,4799,133,0.16729559748427672,2755,2051,2044,0.574077932902688,0.5732417811069497,0.5736595523165019,0.8135684671606203,0.4670517039023773,0,5.009213500626409,0.0,63.24999183400029,67.23231656699828,5.6173862202359865
flow,6,10,795,4799,133,0.16729559748427672,4125,681,674,0.8595540737653677,0.8583021223470662,0.8589276418532014,0.8405717978746028,0.7225169131553941,72,5.207322386163269,12.840618822644304,63.24999183400029,77.59810509500231,4.8669988548769805
