frames,positive_frames,invocations,invocation_ratio,recall,mean_iou_positive,mean_iou_hits,stale_fp_frames,mean_detection_age,max_detection_age,tracking_refreshes,gate_ms_per_frame,tracker_ms_per_frame,model_total_s,model_speedup,mode,scenario,M,K
90,90,90,1.0,1.0,1.0,1.0,0,0.0,0,0,4.70670271111165,0.0,63.24360324400005,0.9933020381149735,retain,walk,1,15
90,90,90,1.0,1.0,1.0,1.0,0,0.0,0,0,5.337060533335286,0.0,63.300335448000176,0.9924118024872908,retain,walk_slow,1,15
90,90,62,0.6888888888888889,1.0,1.0,1.0,0,2.3333333333333335,14,0,4.432301322220332,0.0,43.674907118999826,1.438354518507299,retain,stop_and_go,1,15
90,75,37,0.4111111111111111,0.9866666666666667,0.9866666666666667,1.0,5,3.7222222222222223,14,0,3.2920400111107835,0.0,26.12228360099997,2.4048433498208874,retain,enter_stop_exit,1,15
90,90,6,0.06666666666666667,1.0,1.0,1.0,0,7.0,14,0,3.1542619444435456,0.0,4.471883574999919,14.04777180497172,retain,stationary,1,15
90,90,90,1.0,1.0,1.0,1.0,0,0.0,0,0,4.403976544445085,0.0,63.21635788900006,0.9937301372265702,retain,small_walk,1,15
90,0,6,0.06666666666666667,,,,0,7.0,14,0,3.15461236666863,0.0,4.471915113000176,14.047672733629888,retain,empty,1,15
90,0,6,0.06666666666666667,,,,0,7.0,14,0,3.138578555557577,0.0,4.470472070000182,14.052207242622913,retain,illumination,1,15
90,0,11,0.12222222222222222,,,,0,5.0777777777777775,14,0,7.904686855553046,0.0,8.389421816999775,7.488001124547781,retain,jitter,1,15
90,90,90,1.0,1.0,1.0,1.0,0,0.0,0,0,7.958979777778394,0.0,63.536308180000056,0.9887260024933974,retain,jitter_walk,1,15
90,90,90,1.0,1.0,1.0,1.0,0,0.0,0,0,4.679999922223033,5.329616355558958,63.72086546500038,0.9858623159238916,flow,walk,1,15
90,90,90,1.0,1.0,1.0,1.0,0,0.0,0,0,5.326407666673402,5.177267388885791,63.76533075500033,0.9851748474632323,flow,walk_slow,1,15
90,90,62,0.6888888888888889,1.0,0.9999837444320336,0.9999837444320336,0,2.3333333333333335,14,0,4.4571613222242625,4.259972622227476,44.06054205500065,1.4257654824487171,flow,stop_and_go,1,15
90,75,38,0.4222222222222222,0.9866666666666667,0.9866474459029414,0.9999805194962245,0,3.6666666666666665,14,3,3.286379544442121,3.0958189222196273,27.098397861999555,2.3182182326761587,flow,enter_stop_exit,1,15
90,90,6,0.06666666666666667,1.0,0.9999707538045619,0.9999707538045619,0,7.0,14,0,3.1255490444462137,2.151474033334782,4.662932077000289,13.472209966312167,flow,stationary,1,15
90,90,90,1.0,1.0,1.0,1.0,0,0.0,0,0,4.400193677774193,4.9759221888873775,63.66385042799955,0.9867452184822861,flow,small_walk,1,15
90,0,6,0.06666666666666667,,,,0,7.0,14,0,3.098203388888502,0.010900000000270261,4.467819304999989,14.06055073214295,flow,empty,1,15
90,0,6,0.06666666666666667,,,,0,7.0,14,0,3.072066977778655,0.011660177777154482,4.465535444000023,14.067741883989775,flow,illumination,1,15
90,0,11,0.12222222222222222,,,,0,5.0777777777777775,14,0,7.843957722220314,0.02130640000043766,8.385873770999869,7.49116928247178,flow,jitter,1,15
90,90,90,1.0,1.0,1.0,1.0,0,0.0,0,0,7.858255177776148,5.3619347555544055,64.00981709399976,0.9814119591647562,flow,jitter_walk,1,15
90,90,45,0.5,1.0,0.9333333333333326,0.9333333333333326,0,0.5,1,0,4.618017766668142,0.0,31.825621599000133,1.973881320890638,retain,walk,2,15
90,90,45,0.5,1.0,0.9767441860465117,0.9767441860465117,0,0.5,1,0,5.312007322221588,0.0,31.88808065899994,1.9700150871974786,retain,walk_slow,2,15
90,90,32,0.35555555555555557,1.0,0.9555555555555546,0.9555555555555546,0,2.6666666666666665,14,0,4.363619722219407,0.0,22.72872577499975,2.7639032923305487,retain,stop_and_go,2,15
90,75,21,0.23333333333333334,0.9733333333333334,0.9010141987933786,0.91893801597142,5,3.9,14,0,3.2508776666658274,0.0,14.950578989999926,4.201843958151637,retain,enter_stop_exit,2,15
90,90,6,0.06666666666666667,1.0,1.0,1.0,0,7.0,14,0,3.1092726222179103,0.0,4.467834535999612,14.060502799248127,retain,stationary,2,15
90,90,45,0.5,1.0,0.9375,0.9375,0,0.5,1,0,4.317659611115864,0.0,31.798589365000428,1.9755593331175794,retain,small_walk,2,15
90,0,6,0.06666666666666667,,,,0,7.0,14,0,3.062066977781165,0.0,4.4635860280003055,14.073885796291794,retain,empty,2,15
90,0,6,0.06666666666666667,,,,0,7.0,14,0,3.0578850222222322,0.0,4.4632096520000015,14.075072626680182,retain,illumination,2,15
90,0,11,0.12222222222222222,,,,0,5.022222222222222,14,0,7.79825318888988,0.0,8.379842787000088,7.496560686968331,retain,jitter,2,15
90,90,45,0.5,1.0,0.9261637960395299,0.9261637960395299,0,0.5,1,0,7.855870233328233,0.0,32.11702832099954,1.955971747203196,retain,jitter_walk,2,15
90,90,45,0.5,1.0,0.999958277203399,0.999958277203399,0,0.5,1,0,4.6611313444442555,3.8699189000024288,32.1777945220002,1.9522779896257183,flow,walk,2,15
90,90,45,0.5,1.0,0.9997422733716657,0.9997422733716657,0,0.5,1,0,5.306693600002493,3.7286570111076696,32.22318155499991,1.9495281647709468,flow,walk_slow,2,15
90,90,32,0.35555555555555557,1.0,0.9999505039307673,0.9999505039307673,0,2.6666666666666665,14,0,4.328823411112302,3.2437657444473995,23.01753302400037,2.7292238457743325,flow,stop_and_go,2,15
90,75,22,0.24444444444444444,0.9733333333333334,0.9688831796034196,0.9886678084962383,1,3.811111111111111,14,2,3.2153859111114493,2.5194359222224545,15.872133965000051,3.957879900618631,flow,enter_stop_exit,2,15
90,90,6,0.06666666666666667,1.0,0.9999707538045619,0.9999707538045619,0,7.0,14,0,3.1060632888915682,2.15959217777658,4.661908992000133,13.475166526802546,flow,stationary,2,15
90,90,45,0.5,1.0,0.9984643886378893,0.9984643886378893,0,0.5,1,0,4.325046711111706,3.5372669666641183,32.11760823099983,1.9559364305143465,flow,small_walk,2,15
90,0,6,0.06666666666666667,,,,0,7.0,14,0,3.0639286777790806,0.010993700000325488,4.464743014000147,14.070238713183398,flow,empty,2,15
90,0,6,0.06666666666666667,,,,0,7.0,14,0,3.038399388886622,0.011144555556559984,4.462458954999886,14.07744040527575,flow,illumination,2,15
90,0,11,0.12222222222222222,,,,0,5.022222222222222,14,0,7.716359855556397,0.021057688888959092,8.374367579000081,7.501461979950593,flow,jitter,2,15
90,90,45,0.5,1.0,0.9947134233125758,0.9947134233125758,0,0.5,1,0,7.851985188887688,3.914602777781637,32.46899291700024,1.9347689705247515,flow,jitter_walk,2,15
90,90,23,0.25555555555555554,1.0,0.8185403050108931,0.8185403050108931,0,1.4777777777777779,3,0,4.675265433336209,0.0,16.474773889000257,3.8131024087646592,retain,walk,4,15
90,90,23,0.25555555555555554,1.0,0.9437897896274405,0.9437897896274405,0,1.4777777777777779,3,0,5.269128066667387,0.0,16.528221526000067,3.8007719040539043,retain,walk_slow,4,15
90,90,18,0.2,1.0,0.8795424836601302,0.8795424836601302,0,3.0444444444444443,14,0,4.366325300000224,0.0,12.95696927700002,4.848356020378322,retain,stop_and_go,4,15
90,75,13,0.14444444444444443,0.7733333333333333,0.7823803361761957,0.9458607006020802,5,4.2555555555555555,14,0,3.252520866665362,0.0,9.366726877999882,6.7067184533317175,retain,enter_stop_exit,4,15
90,90,6,0.06666666666666667,1.0,1.0,1.0,0,7.0,14,0,3.0781393111150614,0.0,4.465032538000356,14.069326363326715,retain,stationary,4,15
90,90,23,0.25555555555555554,1.0,0.8290577342047931,0.8290577342047931,0,1.4777777777777779,3,0,4.358505977773398,0.0,16.446265537999608,3.8197121319032847,retain,small_walk,4,15
90,0,6,0.06666666666666667,,,,0,7.0,14,0,3.0892248999969576,0.0,4.466030240999726,14.066183301512458,retain,empty,4,15
90,0,6,0.06666666666666667,,,,0,7.0,14,0,3.0742537888885284,0.0,4.464682840999967,14.07042834557315,retain,illumination,4,15
90,0,10,0.1111111111111111,,,,0,5.044444444444444,14,0,7.750042133334192,0.0,7.677503792000078,8.18234698437507,retain,jitter,4,15
90,90,23,0.25555555555555554,1.0,0.8058815362714233,0.8058815362714233,0,1.4777777777777779,3,0,7.8255063777741425,0.0,16.75829557399967,3.748591240833859,retain,jitter_walk,4,15
90,90,23,0.25555555555555554,1.0,0.9998965364240937,0.9998965364240937,0,1.4777777777777779,3,0,4.696465533333417,3.1100434444390936,16.756585807999524,3.748973730078713,flow,walk,4,15
90,90,23,0.25555555555555554,1.0,0.9993481037679164,0.9993481037679164,0,1.4777777777777779,3,0,5.292327688887452,2.9938390999992257,16.7997550109998,3.739340243882604,flow,walk_slow,4,15
90,90,18,0.2,1.0,0.9999116562075633,0.9999116562075633,0,3.0444444444444443,14,0,4.3996827666660465,2.786765266665725,13.21078032299986,4.7552073733775515,flow,stop_and_go,4,15
90,75,14,0.15555555555555556,0.9466666666666667,0.9497867687981926,0.9871082147561725,3,4.166666666666667,14,2,3.2241173444415634,2.228581766663259,10.262742919999432,6.1211705768815525,flow,enter_stop_exit,4,15
90,90,6,0.06666666666666667,1.0,0.9999707538045619,0.9999707538045619,0,7.0,14,0,3.121068988891946,2.156504477778122,4.662981612000306,13.472066850602857,flow,stationary,4,15
90,90,23,0.25555555555555554,1.0,0.9961690800117604,0.9961690800117604,0,1.4777777777777779,3,0,4.3517251333323905,2.8258703999963726,16.69998359799959,3.7616803412624247,flow,small_walk,4,15
90,0,6,0.06666666666666667,,,,0,7.0,14,0,3.1042918111084976,0.011622422221711936,4.4684322809997195,14.058621916934438,flow,empty,4,15
90,0,6,0.06666666666666667,,,,0,7.0,14,0,3.0888648555573024,0.010958544443913828,4.466984106000109,14.063179655288987,flow,illumination,4,15
90,0,10,0.1111111111111111,,,,0,5.044444444444444,14,0,7.7715324888869315,0.018989511110273978,7.681146979999749,8.178466075909155,flow,jitter,4,15
90,90,23,0.25555555555555554,1.0,0.993106885765101,0.993106885765101,0,1.4777777777777779,3,0,7.874143911112065,3.152057266666159,17.04635810600004,3.685244649288952,flow,jitter_walk,4,15
90,90,15,0.16666666666666666,0.8333333333333334,0.7154942093796587,0.7638562091503273,0,2.5,5,0,4.673668722224672,0.0,10.89063018500022,5.768261242267013,retain,walk,6,15
90,90,15,0.16666666666666666,1.0,0.9108194879130418,0.9108194879130418,0,2.5,5,0,5.317863911115081,0.0,10.948607752000356,5.737715828619628,retain,walk_slow,6,15
90,90,12,0.13333333333333333,0.8888888888888888,0.810329472919772,0.8524101307189543,0,4.0,14,0,4.4138116555555165,0.0,8.773243048999998,7.160408032598667,retain,stop_and_go,6,15
90,75,11,0.12222222222222222,0.7066666666666667,0.6959697820518013,0.9281970649895179,5,4.344444444444444,14,0,3.2387534888894405,0.0,7.96948781400005,7.882564283446636,retain,enter_stop_exit,6,15
90,90,6,0.06666666666666667,1.0,1.0,1.0,0,7.0,14,0,3.1133742777746596,0.0,4.468203684999719,14.059341164525257,retain,stationary,6,15
90,90,15,0.16666666666666666,1.0,0.7308866529067768,0.7308866529067768,0,2.5,5,0,4.355781233329026,0.0,10.862020310999613,5.783454477283958,retain,small_walk,6,15
90,0,6,0.06666666666666667,,,,0,7.0,14,0,3.0889925555533813,0.0,4.466009329999804,14.06624916298658,retain,empty,6,15
90,0,6,0.06666666666666667,,,,0,7.0,14,0,3.0665498111109932,0.0,4.463989482999989,14.072613799659381,retain,illumination,6,15
90,0,10,0.1111111111111111,,,,0,4.911111111111111,14,0,7.812800411112322,0.0,7.683152037000109,8.176331757783112,retain,jitter,6,15
90,90,15,0.16666666666666666,0.8555555555555555,0.7052567682998827,0.7457974998442597,0,2.5,5,0,7.854981522221907,0.0,11.176948336999972,5.620496588683494,retain,jitter_walk,6,15
90,90,15,0.16666666666666666,1.0,0.9998012186495011,0.9998012186495011,0,2.5,5,0,4.640703622226915,2.8202062555591407,11.141481889000744,5.638388198792305,flow,walk,6,15
90,90,15,0.16666666666666666,1.0,0.998906446167566,0.998906446167566,0,2.5,5,0,5.307554844444616,2.7359398222207196,11.19391451999988,5.611977819534097,flow,walk_slow,6,15
90,90,12,0.13333333333333333,1.0,0.9998890302475203,0.9998890302475203,0,4.0,14,0,4.435753155557147,2.5889890000005127,9.008226794000187,6.973625491072277,flow,stop_and_go,6,15
90,75,11,0.12222222222222222,0.92,0.9348264098370672,0.9929210467341659,5,4.344444444444444,14,1,3.3208274444468264,2.1614774111128554,8.17140743700037,7.687782121296413,flow,enter_stop_exit,6,15
90,90,6,0.06666666666666667,1.0,0.9999707538045619,0.9999707538045619,0,7.0,14,0,3.112915388891224,2.1518068333326332,4.661825000000148,13.475409308585801,flow,stationary,6,15
90,90,15,0.16666666666666666,1.0,0.9938623028756515,0.9938623028756515,0,2.5,5,0,4.4202708000050785,2.586943311110998,11.100649270000448,5.659128441231931,flow,small_walk,6,15
90,0,6,0.06666666666666667,,,,0,7.0,14,0,3.15043697777671,0.01133168888966591,4.472559179999974,14.045649810719857,flow,empty,6,15
90,0,6,0.06666666666666667,,,,0,7.0,14,0,3.1454187888843737,0.011163466666630484,4.472092402999589,14.047115832817859,flow,illumination,6,15
90,0,10,0.1111111111111111,,,,0,4.911111111111111,14,0,7.874195877784334,0.019127211111759204,7.690399078000648,8.168626798536957,flow,jitter,6,15
90,90,15,0.16666666666666666,1.0,0.9920165613415158,0.9920165613415158,0,2.5,5,0,7.926648277778743,2.885643611109698,11.44310626999996,5.489768120452858,flow,jitter_walk,6,15
90,90,12,0.13333333333333333,0.6333333333333333,0.6350661239154534,0.7698027749111345,0,3.433333333333333,7,0,4.701996622225124,0.0,8.79917969600026,7.13930186339476,retain,walk,8,15
90,90,12,0.13333333333333333,1.0,0.8821241543915183,0.8821241543915183,0,3.433333333333333,7,0,5.381214477781921,0.0,8.860309303000372,7.0900459399004525,retain,walk_slow,8,15
90,90,10,0.1111111111111111,0.7555555555555555,0.7521232274586247,0.8610918877354865,0,4.377777777777778,14,0,4.427836733329589,0.0,7.378505305999663,8.513919472134736,retain,stop_and_go,8,15
90,75,9,0.1,0.6533333333333333,0.672139109821129,0.9727891156462586,5,4.966666666666667,14,0,3.3084356222243767,0.0,6.579759206000193,9.547461849776111,retain,enter_stop_exit,8,15
90,90,6,0.06666666666666667,1.0,1.0,1.0,0,7.0,14,0,3.1232626999964292,0.0,4.469093642999678,14.056541441775407,retain,stationary,8,15
90,90,12,0.13333333333333333,0.7555555555555555,0.6536422756237,0.7369635160565774,0,3.433333333333333,7,0,4.374033811111151,0.0,8.769663043000005,7.163331098581181,retain,small_walk,8,15
90,0,6,0.06666666666666667,,,,0,7.0,14,0,3.1434222111114547,0.0,4.470907999000031,14.050837103794219,retain,empty,8,15
90,0,6,0.06666666666666667,,,,0,7.0,14,0,3.1304523111133324,0.0,4.4697407080002,14.054506537160231,retain,illumination,8,15
90,0,10,0.1111111111111111,,,,0,4.711111111111111,14,0,7.809248722226887,0.0,7.68283238500042,8.176671942322553,retain,jitter,8,15
90,90,12,0.13333333333333333,0.6555555555555556,0.629155676972198,0.7556597171602707,0,3.433333333333333,7,0,7.923477666667446,0.0,9.089112990000071,6.911565525603562,retain,jitter_walk,8,15
90,90,12,0.13333333333333333,1.0,0.9998378105373358,0.9998378105373358,0,3.433333333333333,7,0,4.715506077781129,2.722962200001828,9.045462145000467,6.944918788336464,flow,walk,8,15
90,90,12,0.13333333333333333,1.0,0.9987726516684003,0.9987726516684003,0,3.433333333333333,7,0,5.327564788887508,2.64953831111067,9.093939278999835,6.907897454854025,flow,walk_slow,8,15
90,90,10,0.1111111111111111,1.0,0.9998425979942097,0.9998425979942097,0,4.377777777777778,14,0,4.430403144447029,2.5191392888921706,7.605458819000529,8.25985670227526,flow,stop_and_go,8,15
90,75,9,0.1,0.8933333333333333,0.9137042606768646,0.992701302270945,5,4.966666666666667,14,1,3.3084114666703752,2.0553779666676695,6.764741049000424,9.286386506883726,flow,enter_stop_exit,8,15
90,90,6,0.06666666666666667,1.0,0.9999707538045619,0.9999707538045619,0,7.0,14,0,3.1614105888896424,2.160251866668735,4.666949621000255,13.46061241315392,flow,stationary,8,15
90,90,12,0.13333333333333333,1.0,0.9920575445632168,0.9920575445632168,0,3.433333333333333,7,0,4.367728988885094,2.4626346666726326,8.990732729000197,6.987194691859762,flow,small_walk,8,15
90,0,6,0.06666666666666667,,,,0,7.0,14,0,3.0949993000010383,0.011092922223573018,4.467548300000215,14.0614036562284,flow,empty,8,15
90,0,6,0.06666666666666667,,,,0,7.0,14,0,3.0965419111118484,0.01124884444468282,4.467701168000088,14.060922527663282,flow,illumination,8,15
90,0,10,0.1111111111111111,,,,0,4.711111111111111,14,0,7.872127144445232,0.01924375555530686,7.690223381000049,8.168813425525071,flow,jitter,8,15
90,90,12,0.13333333333333333,1.0,0.9918535704417726,0.9918535704417726,0,3.433333333333333,7,0,7.889534288883876,2.770990566661643,9.335447236999098,6.729190193590943,flow,jitter_walk,8,15
